method,space,n,minimum,p01,p05,median,mean,below_010,below_020,below_grouping_cutoff,grouping_cutoff,mean_fold_mmd2,mean_fold_mmd_ratio
before,clip,24681,0.028342783451080322,0.13833260536193848,0.2290503978729248,0.5112111568450928,0.4884404146948054,82,826,1590,0.25,0.09602524936199189,357.2981359898547
after,clip,24681,0.25010132789611816,0.272626256942749,0.3270271420478821,0.5361156463623047,0.5222396212735819,0,0,0,0.25,0.0894503802061081,333.69284140051593
random,clip,24681,-2.384185791015625e-07,0.03469341993331909,0.09634578227996826,0.3374100923538208,0.33312954941916845,1337,5250,7597,0.25,0.0002670122601557523,0.9632064848395231
tau,clip,4936,0.264357328414917,0.2698042094707489,0.2868198752403259,0.4219264090061188,0.4239515137271518,0,0,0,0.25,0.0003023206372745335,1.193782808885082
before,dreamsim,24681,0.09279048442840576,0.25818573236465453,0.3567163944244385,0.5914512276649475,0.570690435442332,2,70,540,0.3,0.046306660398840904,165.6950111709935
after,dreamsim,24681,0.3011741638183594,0.3631581425666809,0.44097644090652466,0.6146706342697144,0.6026448301439961,0,0,0,0.3,0.04706808775663376,171.20060436125405
random,dreamsim,24681,-2.384185791015625e-07,0.09185899496078494,0.22981470823287964,0.48675549030303955,0.4696856258870002,267,857,2945,0.3,0.0002761267125606537,1.0054240772994052
tau,dreamsim,4936,0.4233245849609375,0.42767063081264495,0.441562756896019,0.5478533804416656,0.5499640741359859,0,0,0,0.3,0.0002807847922667861,1.1087386643855726
before,dinov2,24681,0.006643176078796387,0.08558022975921631,0.15675878524780273,0.47026240825653076,0.4583148408987105,373,2236,3551,0.25,0.01320565938949585,50.00102805254324
after,dinov2,24681,0.2500274181365967,0.26171116828918456,0.29781293869018555,0.5109587907791138,0.5134408924607731,0,0,0,0.25,0.014585888385772705,55.93696118076839
random,dinov2,24681,-2.384185791015625e-07,0.028651273250579833,0.0870557427406311,0.33749449253082275,0.34200167895271444,1624,5731,8109,0.25,0.0002744113648077473,0.9954199619533174
tau,dinov2,4936,0.25611990690231323,0.26068916022777555,0.27749642729759216,0.43395501375198364,0.44358767227328577,0,0,0,0.25,0.00026068667648360133,1.0293724256518177
before,sscd,24681,0.23485374450683594,0.6580003499984741,0.7256681323051453,0.7892857193946838,0.7831966208994309,0,0,67,0.6,0.006339833047240973,24.353651296192723
after,sscd,24681,0.6000393629074097,0.6997918605804443,0.7380280494689941,0.7909857630729675,0.7869408968989271,0,0,0,0.6,0.006658500153571367,25.42802341543546
random,sscd,24681,-1.1920928955078125e-07,0.1656637191772461,0.6293401718139648,0.7767983078956604,0.753631377523478,160,274,977,0.6,0.0002609794639283791,0.9824488897853104
tau,sscd,4936,0.5627416968345642,0.679762327671051,0.7242757827043533,0.7837863266468048,0.7787678494228343,0,0,5,0.6,0.0002533431979827583,1.0071038021849896
